{"code": 0, "data": [[[129.23182678222656, 165.19561767578125, 63.81374740600586], [0.5, 57.0499382019043, 127.12749481201172], [26.165307998657227, 303.3882751464844, 114.3714599609375]], [[130.0201416015625, 164.57235717773438, 66.25733947753906], [1.3309839963912964, 56.46937561035156, 129.7305450439453], [26.91562271118164, 302.798828125, 116.6448745727539]], [[130.42430114746094, 164.12112426757812, 68.10067749023438], [1.794037938117981, 56.05376434326172, 131.753662109375], [27.273656845092773, 302.3752136230469, 118.3176498413086]], [[131.00181579589844, 163.03012084960938, 70.77664184570312], [2.4770569801330566, 54.946041107177734, 134.61407470703125], [27.76955223083496, 301.2695617675781, 120.86610412597656]], [[131.858154296875, 161.65296936035156, 72.9996109008789], [3.397045135498047, 53.614593505859375, 137.04222106933594], [28.621252059936523, 299.9275207519531, 122.98249053955078]], [[133.44967651367188, 159.98068237304688, 76.15194702148438], [5.118268013000488, 51.95481872558594, 140.47508239746094], [30.22136688232422, 298.2636413574219, 126.12934875488281]], [[134.6963653564453, 158.35470581054688, 79.03170776367188], [6.47605562210083, 50.3441276550293, 143.60157775878906], [31.49561309814453, 296.6485290527344, 129.03590393066406]], [[136.10025024414062, 156.8717041015625, 81.9834213256836], [8.021408081054688, 48.86903762817383, 146.84661865234375], [32.9010124206543, 295.16961669921875, 131.9794921875]], [[137.00885009765625, 155.8076171875, 84.1682357788086], [9.082340240478516, 47.77766036987305, 149.28610229492188], [33.79549789428711, 294.08172607421875, 134.20094299316406]], [[137.45298767089844, 154.52757263183594, 86.2885971069336], [9.677963256835938, 46.437744140625, 151.60426330566406], [34.18876266479492, 292.7518615722656, 136.3539581298828]], [[138.51397705078125, 154.60226440429688, 88.08203125], [10.836179733276367, 46.50075149536133, 153.5682373046875], [35.24315643310547, 292.81561279296875, 138.16404724121094]], [[140.16004943847656, 154.399658203125, 89.93319702148438], [12.571087837219238, 46.286399841308594, 155.572998046875], [36.88785934448242, 292.60223388671875, 140.0421142578125]], [[142.2428741455078, 154.9318389892578, 91.56900024414062], [14.709668159484863, 46.82316207885742, 157.3245849609375], [39.014408111572266, 293.137939453125, 141.7582244873047]], [[143.91561889648438, 154.6932830810547, 93.42700958251953], [16.451269149780273, 46.54813766479492, 159.256103515625], [40.69485092163086, 292.8703308105469, 143.7119598388672]], [[144.98793029785156, 154.61306762695312, 94.83840942382812], [17.571504592895508, 46.468116760253906, 160.7605438232422], [41.80656814575195, 292.79034423828125, 145.20350646972656]], [[145.96900939941406, 154.2622528076172, 96.33926391601562], [18.643457412719727, 46.08602523803711, 162.38552856445312], [42.81875991821289, 292.41461181640625, 146.83631896972656]], [[146.91168212890625, 153.4818115234375, 98.09976959228516], [19.68756866455078, 45.2302131652832, 164.21798706054688], [43.768611907958984, 291.57464599609375, 148.77392578125]], [[148.51617431640625, 152.21693420410156, 100.67155456542969], [21.357019424438477, 43.92354965209961, 166.84629821777344], [45.392330169677734, 290.2769470214844, 151.47415161132812]], [[149.66209411621094, 151.54037475585938, 102.90855407714844], [22.56756591796875, 43.23699188232422, 169.19097900390625], [46.557254791259766, 289.5919494628906, 153.77261352539062]], [[150.13531494140625, 150.91978454589844, 104.48342895507812], [23.133262634277344, 42.57792282104492, 170.88014221191406], [47.008846282958984, 288.9394836425781, 155.39015197753906]], [[150.42860412597656, 150.8387908935547, 105.62242126464844], [23.523746490478516, 42.475528717041016, 172.1698455810547], [47.297569274902344, 288.8399963378906, 156.57000732421875]], [[150.75701904296875, 151.081298828125, 107.0233154296875], [23.943199157714844, 42.70001983642578, 173.71481323242188], [47.654136657714844, 289.0675964355469, 158.06822204589844]], [[150.89369201660156, 151.1583251953125, 109.19722747802734], [24.144084930419922, 42.76320266723633, 175.9882354736328], [47.8067626953125, 289.1330871582031, 160.30538940429688]], [[151.1503448486328, 150.47596740722656, 110.77509307861328], [24.43077278137207, 42.09870147705078, 177.6519775390625], [48.10071563720703, 288.4648132324219, 161.92051696777344]], [[151.53321838378906, 149.01907348632812, 112.54920196533203], [24.810745239257812, 40.75615310668945, 179.60556030273438], [48.546817779541016, 287.0970153808594, 163.5813751220703]], [[152.36798095703125, 147.75015258789062, 114.33248138427734], [25.640785217285156, 39.61492156982422, 181.5856475830078], [49.4531364440918, 285.9273376464844, 165.2402801513672]], [[153.7108612060547, 146.7053985595703, 115.55441284179688], [26.98028564453125, 38.68046569824219, 182.978271484375], [50.89665985107422, 284.9692687988281, 166.43020629882812]], [[154.67901611328125, 146.27096557617188, 117.38665771484375], [27.947219848632812, 38.33247756958008, 184.94654846191406], [51.937232971191406, 284.6023864746094, 168.2250518798828]], [[155.60459899902344, 145.9424591064453, 120.60110473632812], [28.88602638244629, 38.00761032104492, 188.1916046142578], [52.9175910949707, 284.2781066894531, 171.53855895996094]], [[156.4957275390625, 145.6645050048828, 124.95176696777344], [29.789657592773438, 37.73581314086914, 192.57550048828125], [53.864288330078125, 284.00628662109375, 175.98446655273438]], [[157.10887145996094, 145.39706420898438, 128.41632080078125], [30.463138580322266, 37.449214935302734, 196.12245178222656], [54.518436431884766, 283.7242431640625, 179.5709228515625]], [[157.69296264648438, 145.15330505371094, 131.02366638183594], [31.12742805480957, 37.151851654052734, 198.79429626464844], [55.12800979614258, 283.4388427734375, 182.34169006347656]], [[157.99526977539062, 144.94627380371094, 132.1194610595703], [31.517545700073242, 36.94091033935547, 200.04759216308594], [55.473426818847656, 283.2281494140625, 183.53343200683594]], [[158.04495239257812, 144.24000549316406, 133.00506591796875], [31.675111770629883, 36.22480392456055, 201.11807250976562], [55.56706619262695, 282.51324462890625, 184.5297088623047]], [[158.17092895507812, 143.72206115722656, 133.5126953125], [31.891712188720703, 35.69038391113281, 201.76747131347656], [55.731754302978516, 281.9819030761719, 185.15016174316406]], [[158.2631378173828, 142.88661193847656, 133.8695831298828], [32.060386657714844, 34.873661041259766, 202.29522705078125], [55.85588836669922, 281.1597900390625, 185.53468322753906]], [[158.70999145507812, 142.20933532714844, 134.68771362304688], [32.549285888671875, 34.246646881103516, 203.27005004882812], [56.38737487792969, 280.52215576171875, 186.41432189941406]], [[159.3150634765625, 141.9432373046875, 136.01138305664062], [33.182403564453125, 34.00121307373047, 204.6777801513672], [57.06377410888672, 280.2732849121094, 187.83294677734375]], [[160.19366455078125, 141.8131561279297, 136.8693389892578], [34.07143783569336, 33.92327117919922, 205.63674926757812], [58.02195358276367, 280.1848449707031, 188.73667907714844]], [[161.4869384765625, 142.00503540039062, 138.15847778320312], [35.34336853027344, 34.203678131103516, 207.0255126953125], [59.45071792602539, 280.44830322265625, 190.10145568847656]], [[162.8516082763672, 141.7592010498047, 139.7225799560547], [36.662620544433594, 34.042137145996094, 208.63827514648438], [60.95818328857422, 280.2715148925781, 191.76170349121094]], [[164.14517211914062, 141.5777587890625, 141.40127563476562], [37.89453887939453, 33.95633316040039, 210.35348510742188], [62.38102340698242, 280.1675109863281, 193.4871826171875]], [[165.13037109375, 141.12417602539062, 143.087890625], [38.860416412353516, 33.590309143066406, 212.1412811279297], [63.49168014526367, 279.7840881347656, 195.23196411132812]], [[165.56101989746094, 140.7220458984375, 144.8609161376953], [39.28398132324219, 33.23409652709961, 213.97280883789062], [64.0308609008789, 