{"code": 0, "data": [[[97.75896453857422, 99.92182922363281, 144.61695861816406], [0.5, 199.34365844726562, 258.33587646484375], [165.96583557128906, 17.132200241088867, 288.7339172363281]], [[108.59122467041016, 107.0224380493164, 145.68295288085938], [11.913909912109375, 206.9825897216797, 259.4259338378906], [177.03834533691406, 24.460460662841797, 289.8166198730469]], [[119.1347427368164, 115.31137084960938, 146.64039611816406], [22.961727142333984, 215.76824951171875, 260.3732604980469], [187.81993103027344, 33.01359176635742, 290.8118896484375]], [[130.00784301757812, 123.69662475585938, 148.18667602539062], [33.95836639404297, 224.53700256347656, 261.684326171875], [198.74244689941406, 41.78817367553711, 292.5561828613281]], [[140.92904663085938, 130.50408935546875, 149.5339813232422], [45.04539489746094, 231.49050903320312, 263.0419921875], [209.65611267089844, 48.58318328857422, 293.9000244140625]], [[151.4840087890625, 136.11170959472656, 151.4579620361328], [55.772544860839844, 237.10450744628906, 265.10552978515625], [220.15850830078125, 53.953269958496094, 295.7139892578125]], [[161.4979248046875, 142.1474151611328, 153.75535583496094], [66.02404022216797, 243.31666564941406, 267.44580078125], [230.11412048339844, 59.88819885253906, 297.981689453125]], [[169.57200622558594, 146.45599365234375, 154.54345703125], [74.32550048828125, 247.64749145507812, 268.4046936035156], [238.25759887695312, 64.02815246582031, 298.6404113769531]], [[178.16140747070312, 151.39434814453125, 154.8346710205078], [83.2507095336914, 252.6965789794922, 268.8777160644531], [247.0404052734375, 68.89899444580078, 298.8006286621094]], [[189.66392517089844, 158.9466552734375, 156.03379821777344], [95.25245666503906, 260.5206604003906, 270.2493591308594], [258.93292236328125, 76.57942962646484, 299.8859558105469]], [[201.89102172851562, 167.51841735839844, 158.46908569335938], [108.05406951904297, 269.5997009277344, 272.7058410644531], [271.4440002441406, 85.3975601196289, 302.3250732421875]], [[213.89865112304688, 176.10220336914062, 161.3719482421875], [120.40314483642578, 278.471435546875, 275.6310119628906], [283.60491943359375, 94.09774017333984, 305.2201232910156]], [[227.92774963378906, 185.8009033203125, 164.5933380126953], [134.85362243652344, 288.33740234375, 279.0462646484375], [297.8868408203125, 103.76093292236328, 308.2984924316406]], [[241.41885375976562, 195.08956909179688, 168.17828369140625], [148.94818115234375, 297.9552917480469, 282.82476806640625], [311.7682800292969, 113.13827514648438, 311.743408203125]], [[253.23394775390625, 203.8870086669922, 171.4457550048828], [161.2144012451172, 307.26959228515625, 285.9902648925781], [323.7769470214844, 122.25566864013672, 315.09814453125]], [[264.3193664550781, 211.89456176757812, 172.6637725830078], [172.7350311279297, 315.94873046875, 286.9486389160156], [334.70794677734375, 130.49195861816406, 316.52154541015625]], [[275.64886474609375, 218.37290954589844, 173.848876953125], [184.6455535888672, 323.10223388671875, 287.9811096191406], [346.41265869140625, 137.50953674316406, 317.82666015625]], [[289.83721923828125, 225.81024169921875, 175.82525634765625], [199.0098419189453, 330.9782409667969, 289.6939392089844], [360.70916748046875, 145.40184020996094, 320.0045166015625]], [[305.76434326171875, 234.89617919921875, 179.38893127441406], [215.14892578125, 340.5932312011719, 292.9361877441406], [376.74114990234375, 155.01646423339844, 323.81024169921875]], [[321.28216552734375, 243.80442810058594, 181.29212951660156], [231.40573120117188, 350.51312255859375, 294.47991943359375], [392.3985900878906, 164.51979064941406, 325.97247314453125]], [[337.6539306640625, 254.46798706054688, 185.26406860351562], [248.53189086914062, 362.12335205078125, 298.15155029296875], [408.9592590332031, 175.7279510498047, 330.1487121582031]], [[353.0263977050781, 264.9996643066406, 188.2339324951172], [264.0681457519531, 372.87469482421875, 301.0408630371094], [424.1536865234375, 186.2098388671875, 333.1789855957031]], [[366.685791015625, 273.9107971191406, 191.0879669189453], [278.1157531738281, 382.1134338378906, 303.88665771484375], [437.7212829589844, 195.03952026367188, 336.0337219238281]], [[378.855224609375, 281.2291259765625, 193.79412841796875], [290.716796875, 389.8836975097656, 306.49639892578125], [449.7052001953125, 202.31301879882812, 338.8063049316406]], [[392.22412109375, 289.7001953125, 195.67678833007812], [304.1649475097656, 398.33935546875, 308.455810546875], [463.0895080566406, 210.69142150878906, 340.6309509277344]], [[406.2474365234375, 298.8746032714844, 197.0306854248047], [318.3114013671875, 407.663330078125, 309.7616271972656], [477.3013000488281, 220.08352661132812, 342.0110778808594]], [[421.0501708984375, 308.2645263671875, 198.3275146484375], [333.4777526855469, 417.7304992675781, 310.685302734375], [492.2098083496094, 230.04148864746094, 343.5633850097656]], [[437.7569274902344, 318.99627685546875, 200.6533203125], [350.40533447265625, 429.0538635253906, 312.6043395996094], [508.77398681640625, 241.1810302734375, 346.1777648925781]], [[454.15234375, 328.9887390136719, 203.7299041748047], [367.086669921875, 439.4833679199219, 315.4729309082031], [525.048583984375, 251.33145141601562, 349.3975524902344]], [[471.885009765625, 337.67034912109375, 208.50823974609375], [385.1512451171875, 448.631591796875, 320.04681396484375], [542.6867065429688, 260.18426513671875, 354.31298828125]], [[490.12750244140625, 347.2575378417969, 211.54139709472656], [404.0044250488281, 458.70623779296875, 323.06719970703125], [561.0216674804688, 269.82635498046875, 357.3303527832031]], [[507.11376953125, 359.849609375, 214.64532470703125], [421.6091003417969, 471.7326965332031, 326.2120056152344], [578.2022705078125, 282.48272705078125, 360.3738098144531]], [[522.6500244140625, 372.3723449707031, 218.58126831054688], [437.67401123046875, 484.59564208984375, 330.2101745605469], [593.8713989257812, 294.9949951171875, 364.2392883300781]], [[536.8589477539062, 383.599365234375, 220.83828735351562], [452.2388916015625, 495.87762451171875, 332.6820983886719], [608.3072509765625, 306.1011657714844, 366.3208312988281]], [[550.9281616210938, 395.2337341308594, 223.1878662109375], [466.677001953125, 507.8761901855469, 334.94390869140625], [622.569091796875, 317.9764404296875, 368.7037658691406]], [[563.4889526367188, 405.47601318359375, 225.38206481933594], [479.3966064453125, 518.4886474609375, 336.8836975097656], [635.2587280273438, 328.63818359375, 371.0564880371094]], [[573.1676635742188, 412.8562316894531, 226.9039764404297], [489.07952880859375, 526.0318603515625, 338.243408203125], [644.9174194335938, 336.21087646484375, 372.68963623046875]], [[581.82666015625, 420.616943359375, 228.64093017578125], [497.8614196777344, 534.0372924804688, 339.8239440917969], [653.509521484375, 344.1081848144531, 374.5312194824219]], [[591.2728271484375, 428.1455078125, 230.67852783203125], [508.07928466796875, 542.4229736328125, 341.5635681152344], [663.1653442382812, 352.11639404296875, 376.7163391113281]], [[601.6349487304688, 435.02325439453125, 232.80491638183594], [519.0272827148438, 549.90185546875, 343.5066833496094], [673.8750610351562, 359.4470520019531, 378.90625]], [[613.331298828125, 442.1734619140625, 234.89453125], [531.2164306640625, 557.4735717773438, 345.5246887207031], [686.0374755859375, 367.00665283203125, 380.9758605957031]], [[625.700439453125, 449.46942138671875, 236.4421844482422], [543.9910888671875, 565.2581176757812, 346.862060546875], [698.7490844726562, 374.79443359375, 382.60491943359375]], [[638.375, 457.5314025878906, 238.38438415527344], [557.1270751953125, 573.8711547851562, 348.5652770996094], [712.0070190429688, 383.56439208984375, 384.6143493652344]], [[652.1499633789062, 466.0262756347656, 239.6994171142578], [571.4310913085938, 582.82568359375, 349.7828369140625], [726.5172729492188, 392.6956481933594, 385.8778076171875]], [[666.0781860351562, 475.1636962890625, 242.05117797851562], [585.8892211914062,