{"code": 0, "data": [[[129.9587860107422, 163.88250732421875, 63.81374740600586], [1.2269586324691772, 55.7368278503418, 127.12749481201172], [26.89226722717285, 302.0751647949219, 114.3714599609375]], [[129.8883819580078, 163.8233184814453, 65.85116577148438], [1.1739728450775146, 55.683021545410156, 129.20947265625], [26.76302719116211, 302.0201110839844, 116.27742004394531]], [[129.25254821777344, 162.75950622558594, 69.10647583007812], [0.5, 54.7153434753418, 132.55126953125], [26.232494354248047, 301.0331726074219, 119.53723907470703]], [[129.25254821777344, 162.00958251953125, 72.10617065429688], [0.5, 53.96541976928711, 135.55096435546875], [26.232494354248047, 300.28326416015625, 122.53692626953125]], [[129.42300415039062, 160.6588134765625, 78.61672973632812], [0.7187504768371582, 52.6588134765625, 142.23443603515625], [26.45451545715332, 298.96759033203125, 129.05653381347656]], [[131.1696319580078, 160.0118408203125, 83.13294982910156], [2.5589115619659424, 52.05338668823242, 147.0098114013672], [28.251842498779297, 298.3533630371094, 133.58636474609375]], [[132.80206298828125, 158.92922973632812, 88.14344787597656], [4.322967529296875, 50.916351318359375, 152.1929473876953], [29.829572677612305, 297.22674560546875, 138.60597229003906]], [[136.55511474609375, 157.35948181152344, 92.6720199584961], [8.117756843566895, 49.348724365234375, 156.80874633789062], [33.542659759521484, 295.65802001953125, 143.05003356933594]], [[138.9346160888672, 157.84669494628906, 96.1535415649414], [10.58738899230957, 49.77951431274414, 160.37557983398438], [35.90739440917969, 296.10009765625, 146.62522888183594]], [[142.9297332763672, 159.2607879638672, 98.64575958251953], [14.846457481384277, 51.03395462036133, 163.12542724609375], [39.78009033203125, 297.38525390625, 149.22027587890625]], [[144.63986206054688, 159.66734313964844, 101.64678192138672], [16.713619232177734, 51.382999420166016, 166.3412628173828], [41.45463562011719, 297.74468994140625, 152.27734375]], [[144.79254150390625, 159.6103973388672, 102.8925552368164], [16.936485290527344, 51.32006072998047, 167.7156219482422], [41.6255989074707, 297.68255615234375, 153.5745391845703]], [[145.77127075195312, 158.7924346923828, 104.37873840332031], [18.010183334350586, 50.49249267578125, 169.37281799316406], [42.64187240600586, 296.8565368652344, 155.158935546875]], [[146.6936492919922, 158.22569274902344, 106.37413787841797], [18.9615421295166, 49.9687385559082, 171.4966278076172], [43.63552474975586, 296.3240966796875, 157.2057647705078]], [[146.0386199951172, 156.2050323486328, 107.36450958251953], [18.28972816467285, 47.993438720703125, 172.52944946289062], [43.05276107788086, 294.3401184082031, 158.24290466308594]], [[146.2308349609375, 154.37831115722656, 108.60980224609375], [18.469654083251953, 46.25861740112305, 173.903076171875], [43.36928176879883, 292.5870666503906, 159.53961181640625]], [[146.38156127929688, 152.890869140625, 109.82584381103516], [18.648723602294922, 44.7626838684082, 175.16049194335938], [43.57902526855469, 291.093505859375, 160.89125061035156]], [[147.1717529296875, 150.33642578125, 112.84009552001953], [19.37725830078125, 42.307403564453125, 178.2181854248047], [44.454917907714844, 288.6182861328125, 163.86341857910156]], [[148.01931762695312, 148.2804412841797, 113.84488677978516], [20.229459762573242, 40.29791259765625, 179.3087921142578], [45.354522705078125, 286.5992126464844, 164.8728790283203]], [[148.19375610351562, 146.96287536621094, 115.08988952636719], [20.433467864990234, 39.02312469482422, 180.68194580078125], [45.60036087036133, 285.3156433105469, 166.16928100585938]], [[148.36862182617188, 146.39505004882812, 116.33477020263672], [20.6380615234375, 38.498043060302734, 182.05491638183594], [45.84665298461914, 284.7817687988281, 167.46559143066406]], [[148.48843383789062, 145.2936248779297, 118.10395812988281], [20.742765426635742, 37.493247985839844, 183.95318603515625], [46.051143646240234, 283.7568359375, 169.19741821289062]], [[149.28155517578125, 144.2036895751953, 121.13289642333984], [21.49593162536621, 36.50373458862305, 187.06887817382812], [46.90959548950195, 282.7461853027344, 172.1422882080078]], [[149.36231994628906, 143.37234497070312, 123.65205383300781], [21.64443016052246, 35.67109680175781, 189.71705627441406], [46.9687614440918, 281.91259765625, 174.6241455078125]], [[150.11412048339844, 144.08737182617188, 125.9164810180664], [22.41761016845703, 36.38740539550781, 192.02484130859375], [47.700103759765625, 282.6279602050781, 176.8465576171875]], [[149.32876586914062, 142.29403686523438, 130.19061279296875], [21.545978546142578, 34.69711685180664, 196.30007934570312], [46.981266021728516, 280.9163818359375, 181.03187561035156]], [[150.75169372558594, 140.80587768554688, 135.199951171875], [22.94384765625, 33.2127571105957, 201.2671661376953], [48.384925842285156, 279.43115234375, 185.9944305419922]], [[152.27337646484375, 140.26092529296875, 138.21434020996094], [24.44561767578125, 32.71812438964844, 204.32493591308594], [49.9393310546875, 278.9257507324219, 188.96678161621094]], [[151.6974334716797, 139.72735595703125, 141.69422912597656], [23.878602981567383, 32.225921630859375, 207.88931274414062], [49.45509338378906, 278.425537109375, 192.54025268554688]], [[152.61993408203125, 139.97840881347656, 144.40939331054688], [24.7886962890625, 32.51704788208008, 210.6455841064453], [50.48988342285156, 278.70953369140625, 195.3909912109375]], [[153.40505981445312, 141.0219268798828, 149.13426208496094], [25.659976959228516, 33.45746994018555, 215.3693389892578], [51.208492279052734, 279.6714172363281, 200.20462036132812]], [[154.26995849609375, 142.76881408691406, 151.11402893066406], [26.657678604125977, 35.09880447387695, 217.4335174560547], [52.0058479309082, 281.3340148925781, 202.27786254882812]], [[154.36416625976562, 144.31112670898438, 153.0790252685547], [26.904691696166992, 36.48554229736328, 219.43959045410156], [52.000125885009766, 282.7524108886719, 204.37828063964844]], [[153.67247009277344, 144.8097686767578, 154.8187255859375], [26.279542922973633, 36.93153762817383, 221.2214813232422], [51.27482223510742, 283.2088928222656, 206.16468811035156]], [[152.98098754882812, 145.30845642089844, 158.8081512451172], [25.65462303161621, 37.37760543823242, 225.2530975341797], [50.549747467041016, 283.6653747558594, 210.20082092285156]], [[153.0763397216797, 144.82131958007812, 160.53317260742188], [25.712282180786133, 36.93427658081055, 226.97698974609375], [50.73830795288086, 283.2142333984375, 212.0144805908203]], [[153.35171508789062, 143.73033142089844, 162.766845703125], [26.002187728881836, 35.93083953857422, 229.38038635253906], [51.15782928466797, 282.1932373046875, 214.3462371826172]], [[155.24635314941406, 143.85543823242188, 163.73995971679688], [27.85439682006836, 36.23722839355469, 230.565185546875], [53.32258987426758, 282.4634094238281, 215.4640655517578]], [[156.98789978027344, 143.2186737060547, 164.24827575683594], [29.525083541870117, 35.790592193603516, 231.24407958984375], [55.27457809448242, 281.9775695800781, 215.98190307617188]], [[158.97019958496094, 142.50949096679688, 165.4893035888672], [31.53520965576172, 35.26088333129883, 232.82472229003906], [57.50551223754883, 281.4101867675781, 217.33055114746094]], [[159.17398071289062, 142.8929443359375, 165.99725341796875], [31.75144386291504, 35.736576080322266, 233.5028839111328], [57.8133659362793, 281.86602783203125, 217.84811401367188]], [[158.605712890625, 143.07211303710938, 167.24032592773438], [31.215139389038086, 35.957820892333984, 234.87294006347656], [57.316802978515625, 282.0782470703125, 219.14263916015625]], [[157.90138244628906, 142.7301483154297, 168.01963806152344], [30.472393035888672, 35.71607971191406, 235.73849487304688], [56.67723846435547, 281.81463623046875, 219.83836364746094]], [[157.19357299804688, 141.7079620361328, 169.5194854736328], [29.682537078857422, 34.79167175292969, 237.23834228515625], [56.07612991333008, 280.8700256347656, 