{"code": 0, "data": [[[97.75896453857422, 99.92182922363281, 144.61695861816406], [0.5, 199.34365844726562, 258.33587646484375], [165.96583557128906, 17.132200241088867, 288.7339172363281]], [[109.18717956542969, 105.96736145019531, 145.2110137939453], [11.906246185302734, 205.46295166015625, 258.8465881347656], [177.511962890625, 23.405038833618164, 289.4024963378906]], [[121.32967376708984, 112.58546447753906, 147.32278442382812], [23.855737686157227, 212.08255004882812, 260.79156494140625], [189.64517211914062, 30.241933822631836, 291.64373779296875]], [[133.72427368164062, 119.86652374267578, 149.47341918945312], [36.324161529541016, 219.4623260498047, 262.9189758300781], [202.12188720703125, 37.63771438598633, 293.8208923339844]], [[145.4727020263672, 125.18206024169922, 150.97042846679688], [48.250057220458984, 224.90065002441406, 264.4603271484375], [213.8511505126953, 42.884307861328125, 295.2876892089844]], [[155.806640625, 129.6034698486328, 152.64990234375], [58.86000442504883, 229.3904571533203, 266.315673828125], [224.0635528564453, 46.9600830078125, 296.82708740234375]], [[166.17503356933594, 134.4357452392578, 153.79591369628906], [69.44695281982422, 234.01995849609375, 267.82513427734375], [234.41075134277344, 51.26414108276367, 297.6791076660156]], [[177.43971252441406, 139.04502868652344, 154.82093811035156], [80.76592254638672, 238.44728088378906, 269.0547790527344], [245.6041259765625, 55.516971588134766, 298.53131103515625]], [[189.91183471679688, 146.29991149902344, 157.27410888671875], [93.28892517089844, 245.48622131347656, 271.73846435546875], [258.2288818359375, 62.58137893676758, 300.80108642578125]], [[202.76205444335938, 153.4293975830078, 158.87301635742188], [106.45559692382812, 252.59072875976562, 273.6253356933594], [271.38604736328125, 69.59857940673828, 302.1878356933594]], [[217.69967651367188, 161.95265197753906, 159.74583435058594], [121.8455581665039, 261.1078186035156, 274.881591796875], [286.7151794433594, 77.9579086303711, 302.7763977050781]], [[232.6729278564453, 168.4591064453125, 159.96075439453125], [137.3351593017578, 267.5847473144531, 275.54974365234375], [302.0047912597656, 84.13501739501953, 302.64410400390625]], [[248.1517791748047, 175.0526123046875, 162.3934783935547], [153.0630645751953, 274.05224609375, 278.2951965332031], [317.7119445800781, 90.50235748291016, 304.8316650390625]], [[263.875, 181.5209503173828, 166.20513916015625], [169.1418914794922, 280.5823974609375, 282.34503173828125], [333.6262512207031, 96.82512664794922, 308.4632873535156]], [[278.18511962890625, 190.36767578125, 171.20028686523438], [183.6646728515625, 289.7527770996094, 287.23687744140625], [348.01708984375, 105.90644836425781, 313.5582580566406]], [[292.17901611328125, 195.976806640625, 173.8427734375], [197.9231414794922, 295.74566650390625, 289.76519775390625], [362.224609375, 111.88671112060547, 316.31549072265625]], [[304.81201171875, 202.3873291015625, 177.21702575683594], [210.65048217773438, 302.47479248046875, 292.9412536621094], [375.0251770019531, 118.7356948852539, 319.865234375]], [[319.3953552246094, 208.4681396484375, 179.90078735351562], [225.40892028808594, 308.8153991699219, 295.5423889160156], [389.8752136230469, 125.18256378173828, 322.6316833496094]], [[335.1159973144531, 215.4038543701172, 184.05813598632812], [241.32704162597656, 316.1358642578125, 299.5254211425781], [405.65618896484375, 132.4285430908203, 326.9398498535156]], [[351.3130798339844, 224.30953979492188, 185.26272583007812], [257.9446105957031, 325.38079833984375, 300.7743225097656], [422.1793212890625, 141.57962036132812, 328.1253662109375]], [[366.6086120605469, 232.5503692626953, 186.59747314453125], [273.6897277832031, 333.9098205566406, 302.2190246582031], [437.6864318847656, 149.8684844970703, 329.3828125]], [[380.0742492675781, 239.3832244873047, 188.06649780273438], [287.5426940917969, 340.9083557128906, 303.8531799316406], [451.2958068847656, 156.60760498046875, 330.725830078125]], [[393.4524841308594, 246.2587432861328, 190.4383544921875], [301.1524963378906, 347.8152160644531, 306.38226318359375], [464.6412048339844, 163.2388916015625, 332.97210693359375]], [[406.33251953125, 252.05848693847656, 194.38150024414062], [314.1125183105469, 353.51239013671875, 310.4787902832031], [477.4685974121094, 168.77874755859375, 336.78985595703125]], [[417.6223449707031, 257.72216796875, 198.9491729736328], [325.43829345703125, 359.150146484375, 315.0976257324219], [488.72607421875, 174.34286499023438, 341.3154296875]], [[429.888916015625, 262.7708435058594, 203.33323669433594], [337.7560119628906, 364.3011474609375, 319.432861328125], [501.04730224609375, 179.5098876953125, 345.7414245605469]], [[441.8115539550781, 269.09033203125, 207.4486083984375], [349.80877685546875, 370.9584655761719, 323.3553466796875], [513.1054077148438, 186.2227325439453, 350.0184020996094]], [[456.78955078125, 276.5841979980469, 210.12583923339844], [364.9259033203125, 378.73040771484375, 325.89813232421875], [528.232666015625, 194.0394287109375, 352.80816650390625]], [[472.240234375, 284.2799072265625, 214.4190216064453], [380.462890625, 386.6020812988281, 330.10430908203125], [543.77587890625, 201.93984985351562, 357.1732482910156]], [[487.9215393066406, 292.5636901855469, 220.4120635986328], [396.07275390625, 394.8206481933594, 336.09832763671875], [559.5282592773438, 210.2843475341797, 363.1656188964844]], [[508.400146484375, 302.0111389160156, 227.78819274902344], [416.98968505859375, 404.5021057128906, 343.6144714355469], [580.204833984375, 219.71702575683594, 370.43377685546875]], [[523.426025390625, 307.01055908203125, 230.7971954345703], [432.6423034667969, 409.7167663574219, 346.9253845214844], [595.419677734375, 224.4683837890625, 373.2040100097656]], [[539.1245727539062, 313.09930419921875, 233.9046630859375], [448.696044921875, 415.79840087890625, 350.3158874511719], [611.3025512695312, 230.3285675048828, 376.0853576660156]], [[551.939453125, 319.7259216308594, 236.31863403320312], [461.60009765625, 422.1978759765625, 352.99896240234375], [624.3812866210938, 236.81448364257812, 378.2829895019531]], [[565.2157592773438, 327.6983947753906, 238.63180541992188], [474.71575927734375, 429.9761657714844, 355.3580017089844], [637.7827758789062, 244.8328094482422, 380.5589904785156]], [[574.14794921875, 334.15625, 239.26870727539062], [483.7461853027344, 436.4865417480469, 356.02496337890625], [646.90185546875, 251.41403198242188, 381.17218017578125]], [[582.4420776367188, 339.7967224121094, 241.43505859375], [491.9904479980469, 442.128173828125, 358.1517333984375], [655.2897338867188, 257.1921081542969, 383.37060546875]], [[591.2951049804688, 345.0447082519531, 245.62071228027344], [500.70220947265625, 447.5087890625, 362.1112060546875], [664.2770385742188, 262.87255859375, 387.7381896972656]], [[600.3356323242188, 350.6581726074219, 249.6997833251953], [509.8942565917969, 453.46923828125, 366.0021667480469], [673.4795532226562, 268.889404296875, 391.966552734375]], [[609.4556884765625, 356.571044921875, 254.43301391601562], [519.3792724609375, 459.8596496582031, 370.5954284667969], [682.8525390625, 275.2154541015625, 396.8063659667969]], [[618.6182250976562, 362.9788818359375, 254.8531036376953], [528.9629516601562, 466.4590148925781, 371.17071533203125], [692.5698852539062, 281.8924560546875, 397.0928649902344]], [[626.6363525390625, 367.5697937011719, 254.56973266601562], [537.5275268554688, 471.25689697265625, 371.12274169921875], [701.1336059570312, 286.628662109375, 396.60736083984375]], [[638.3359375, 373.1468811035156, 254.2229461669922], [549.6151123046875, 476.9067077636719, 371.00701904296875], [713.5769653320312, 292.5345764160156, 396.0553894042969]], [[650.2748413085938, 378.9912109375, 256.074951171875], [561.78955078125, 482.7987976074219, 372.9951477050781], [726.2351684570312, 298.8216247558594, 397.7748718261719]], [[663.5809936523438, 384.6354064941406, 257.9686279296875], [575.3657836914062, 488.52447509765625, 375.0205383300781],